<!--
  ~ Copyright (c) 2023, WSO2 LLC. (http://www.wso2.org) All Rights Reserved.
  ~
  ~ WSO2 LLC. licenses this file to you under the Apache License,
  ~ Version 2.0 (the "License"); you may not use this file except
  ~ in compliance with the License.
  ~ You may obtain a copy of the License at
  ~
  ~   http://www.apache.org/licenses/LICENSE-2.0
  ~
  ~ Unless required by applicable law or agreed to in writing,
  ~ software distributed under the License is distributed on an
  ~ "AS IS" BASIS, WITHOUT WARRANTIES OR CONDITIONS OF ANY
  ~ KIND, either express or implied.  See the License for the
  ~ specific language governing permissions and limitations
  ~ under the License.
-->

<template name="generatePutObjectPresignedUrl" xmlns="http://ws.apache.org/ns/synapse">

    <parameter name="bucketName" description="Name of the bucket."/>
    <parameter name="objectKey" description="The name of the object to retrieve details for."/>
    <parameter name="contentType" description="A standard MIME type describing the format of the object data."/>
    <parameter name="signatureDurationInMins" description="The time in minutes until the pre-signed URL expires."/>
    <parameter name="metadata"
               description="The metadata. Comma separated key value pair. The key and value are separated by ':'"/>
    <sequence>
        <property name="operationName" value="generatePutObjectPresignedUrl"/>
        <class name="org.wso2.carbon.connector.amazons3.operations.ObjectOperations"/>
    </sequence>
</template>
