<!--
 ~  Copyright (c) 2020, WSO2 Inc. (http://www.wso2.org) All Rights Reserved.
 ~
 ~  WSO2 Inc. licenses this file to you under the Apache License,
 ~  Version 2.0 (the "License"); you may not use this file except
 ~  in compliance with the License.
 ~  You may obtain a copy of the License at
 ~
 ~    http://www.apache.org/licenses/LICENSE-2.0
 ~
 ~  Unless required by applicable law or agreed to in writing,
 ~  software distributed under the License is distributed on an
 ~  "AS IS" BASIS, WITHOUT WARRANTIES OR CONDITIONS OF ANY
 ~  KIND, either express or implied.  See the License for the
 ~  specific language governing permissions and limitations
 ~  under the License.
-->
<template name="headObject" xmlns="http://ws.apache.org/ns/synapse">
    <parameter name="bucketName" description="Name of the bucket."/>
    <parameter name="objectKey" description="The name for the object to retrieve metadata for."/>
    <parameter name="range" description="Downloads the specified range bytes of an object."/>
    <parameter name="ifModifiedSince"
               description="Return the object only if it has been modified since the specified time, otherwise return a 304."/>
    <parameter name="ifUnmodifiedSince"
               description="Return the object only if it has not been modified since the specified time, otherwise return a 412."/>
    <parameter name="ifMatch"
               description="Return the object only if its entity tags ETag is the same as the one specified; otherwise, return a 412."/>
    <parameter name="ifNoneMatch"
               description="Return the object only if its entity tags ETag is different from the one specified; otherwise, return a 304."/>
    <parameter name="versionId" description="VersionId used to reference a specific version of the object."/>
    <parameter name="sseCustomerAlgorithm" description="Specifies the algorithm to use to when encrypting the object."/>
    <parameter name="sseCustomerKey"
               description="Specifies the customer-provided encryption key for Amazon S3 to use in encrypting data."/>
    <parameter name="sseCustomerKeyMD5"
               description="Specifies the 128-bit MD5 digest of the encryption key according to RFC 1321."/>
    <parameter name="requestPayer"
               description="Confirms that the requester knows that they will be charged for the request."/>
    <parameter name="partNumber" description="Part number of the object being read."/>
    <sequence>
        <property name="operationName" value="headObject"/>
        <class name="org.wso2.carbon.connector.amazons3.operations.ObjectOperations"/>
    </sequence>
</template>