<!--
 ~  Copyright (c) 2020, WSO2 Inc. (http://www.wso2.org) All Rights Reserved.
 ~
 ~  WSO2 Inc. licenses this file to you under the Apache License,
 ~  Version 2.0 (the "License"); you may not use this file except
 ~  in compliance with the License.
 ~  You may obtain a copy of the License at
 ~
 ~    http://www.apache.org/licenses/LICENSE-2.0
 ~
 ~  Unless required by applicable law or agreed to in writing,
 ~  software distributed under the License is distributed on an
 ~  "AS IS" BASIS, WITHOUT WARRANTIES OR CONDITIONS OF ANY
 ~  KIND, either express or implied.  See the License for the
 ~  specific language governing permissions and limitations
 ~  under the License.
-->
<template name="uploadPartCopy" xmlns="http://ws.apache.org/ns/synapse">
    <parameter name="bucketName" description="Name of the bucket."/>
    <parameter name="objectKey" description="The name to give for the newly created object."/>
    <parameter name="uploadId" description="This specifies the ID of the initiated multipart upload."/>
    <parameter name="partNumber" description="This specifies the number or the index of the uploaded tag."/>
    <parameter name="copySourceRange" description="Copy the specified range bytes of an object."/>
    <parameter name="ifModifiedSince"
               description="Copy the object only if it has been modified since the specified time, otherwise return a 304."/>
    <parameter name="ifUnmodifiedSince"
               description="Copy the object only if it has not been modified since the specified time, otherwise return a 412."/>
    <parameter name="ifMatch"
               description="Copy the object only if its entity tags ETag is the same as the one specified; otherwise, return a 412."/>
    <parameter name="ifNoneMatch"
               description="Copy the object only if its entity tags ETag is different from the one specified; otherwise, return a 304."/>
    <parameter name="copySource" description="The source bucket and object or object version for the copy operation."/>
    <parameter name="copySourceSSECustomerAlgorithm"
               description="The algorithm to use when decrypting the source object."/>
    <parameter name="copySourceSSECustomerKey"
               description="The customer-provided encryption key for Amazon S3 to use to decrypt the source object."/>
    <parameter name="copySourceSSECustomerKeyMD5"
               description="The 128-bit MD5 digest of the encryption key according to RFC 1321."/>
    <parameter name="sseCustomerAlgorithm"
               description="The algorithm to use to when encrypting the object (for example, AES256)."/>
    <parameter name="sseCustomerKey"
               description="The customer-provided encryption key for Amazon S3 to use in encrypting data."/>
    <parameter name="sseCustomerKeyMD5"
               description="The 128-bit MD5 digest of the encryption key according to RFC 1321."/>
    <parameter name="requestPayer"
               description="Confirms that the requester knows that they will be charged for the request."/>
    <sequence>
        <property name="operationName" value="uploadPartCopy"/>
        <class name="org.wso2.carbon.connector.amazons3.operations.ObjectOperations"/>
    </sequence>
</template>