{
  "connectorName": "amazons3",
  "connectionName": "amazons3",
  "title": "Amazon S3 Connection",
  "help": "<h1>Amazon S3 Connection</h1> <b>The Amazon S3 Connector allows you to access the REST API of Amazon Storage Service S3, which lets you store your information and retrieve them back when needed. WSO2 EI AmazonS3 Connector is useful to take your on-premise data to the cloud. The advantage is, you do not need to worry about managing and replicating data on-premise.</b>",
  "elements": [
    {
      "type": "attribute",
      "value": {
        "name": "connectionName",
        "displayName": "Connection Name",
        "inputType": "string",
        "defaultValue": "AMAZON_S3_CONNECTION_1",
        "required": "true",
        "helpTip": "The name for the AmazonS3 connection",
        "validation": "nameWithoutSpecialCharactors"
      }
    },
    {
      "type": "attributeGroup",
      "value": {
        "groupName": "General",
        "elements": [
          {
            "type": "attributeGroup",
            "value": {
              "groupName": "Basic",
              "elements": [
                {
                  "type": "attribute",
                  "value": {
                    "name": "awsAccessKeyId",
                    "displayName": "AWS Access Key ID",
                    "inputType": "stringOrExpression",
                    "defaultValue": "",
                    "required": "false",
                    "helpTip": "AWS access key ID."
                  }
                },
                {
                  "type": "attribute",
                  "value": {
                    "name": "awsSecretAccessKey",
                    "displayName": "AWS Secret Access Key",
                    "inputType": "stringOrExpression",
                    "defaultValue": "",
                    "required": "false",
                    "helpTip": "AWS secret access key."
                  }
                },
                {
                  "type": "attribute",
                  "value": {
                    "name": "region",
                    "displayName": "Region",
                    "inputType": "stringOrExpression",
                    "defaultValue": "",
                    "required": "true",
                    "helpTip": "Region which is used select a regional endpoint to make requests."
                  }
                },
                {
                  "type": "attribute",
                  "value": {
                    "name": "host",
                    "displayName": "Host",
                    "inputType": "stringOrExpression",
                    "defaultValue": "",
                    "required": "false",
                    "helpTip": "For path-style requests, the value is s3.amazonaws.com. For virtual-style requests, the value is BucketName.s3.amazonaws.com."
                  }
                }
              ]
            }
          }
        ]
      }
    }
  ]
}
