{
  "connectorName": "amazons3",
  "operationName": "listMultipartUploads",
  "title": "List Multipart Uploads",
  "help": "<h1>List Multipart Uploads</h1> <b>The listMultipartUploads operation lists in-progress multipart uploads.</b><br><br><ul><li><a href=\"https://ei.docs.wso2.com/en/7.1.0/micro-integrator/references/connectors/amazons3-connector/amazons3-connector-reference/\"> More Help </a></li></ul>",
  "elements": [
    {
      "type": "attributeGroup",
      "value": {
        "groupName": "General",
        "elements": [
          {
            "type": "attribute",
            "value": {
              "name": "configRef",
              "displayName": "Amazon S3 Connection",
              "inputType": "connection",
              "allowedConnectionTypes": [
                "amazons3"
              ],
              "defaultType": "connection.amazons3",
              "defaultValue": "",
              "required": "true",
              "helpTip": "Connection to be used"
            }
          },
          {
            "type": "attributeGroup",
            "value": {
              "groupName": "Basic",
              "elements": [
                {
                  "type": "attribute",
                  "value": {
                    "name": "bucketName",
                    "displayName": "Bucket Name",
                    "inputType": "stringOrExpression",
                    "defaultValue": "",
                    "required": "true",
                    "helpTip": "The name of the bucket."
                  }
                },
                {
                  "type": "attribute",
                  "value": {
                    "name": "delimiter",
                    "displayName": "Delimiter",
                    "inputType": "stringOrExpression",
                    "defaultValue": "",
                    "required": "false",
                    "helpTip": "A delimiter is a character used to group keys."
                  }
                },
                {
                  "type": "attribute",
                  "value": {
                    "name": "encodingType",
                    "displayName": "Encoding Type",
                    "inputType": "stringOrExpression",
                    "defaultValue": "",
                    "required": "false",
                    "helpTip": "Requests Amazon S3 to encode the response and specifies the encoding method to use."
                  }
                },
                {
                  "type": "attribute",
                  "value": {
                    "name": "maxUploads",
                    "displayName": "Max Uploads",
                    "inputType": "stringOrExpression",
                    "defaultValue": "",
                    "required": "false",
                    "helpTip": "Sets the maximum number of multipart uploads."
                  }
                },
                {
                  "type": "attribute",
                  "value": {
                    "name": "keyMarker",
                    "displayName": "Key Marker",
                    "inputType": "stringOrExpression",
                    "defaultValue": "",
                    "required": "false",
                    "helpTip": "Specifies the key in the bucket that you want to start listing from."
                  }
                },
                {
                  "type": "attribute",
                  "value": {
                    "name": "prefix",
                    "displayName": "Prefix",
                    "inputType": "stringOrExpression",
                    "defaultValue": "",
                    "required": "false",
                    "helpTip": "Limits the response to keys that begin with the specified prefix."
                  }
                },
                {
                  "type": "attribute",
                  "value": {
                    "name": "uploadIdMarker",
                    "displayName": "Upload ID Marker",
                    "inputType": "comboOrExpression",
                    "comboValues": [
                      "url"
                    ],
                    "defaultValue": "",
                    "required": "false",
                    "helpTip": "Specifies the multipart upload after which listing should begin."
                  }
                }
              ]
            }
          }
        ]
      }
    }
  ]
}
