{
  "connectorName": "amazons3",
  "operationName": "putBucketVersioning",
  "title": "Put Bucket Versioning",
  "help": "<h1>Put Bucket Versioning</h1> <b>The putBucketVersioning operation uses the requestPayment subresource to set the request payment configuration of a bucket.</b><br><br><ul><li><a href=\"https://ei.docs.wso2.com/en/7.1.0/micro-integrator/references/connectors/amazons3-connector/amazons3-connector-reference/\"> More Help </a></li></ul>",
  "elements": [
    {
      "type": "attributeGroup",
      "value": {
        "groupName": "General",
        "elements": [
          {
            "type": "attribute",
            "value": {
              "name": "configRef",
              "displayName": "Amazon S3 Connection",
              "inputType": "connection",
              "allowedConnectionTypes": [
                "amazons3"
              ],
              "defaultType": "connection.amazons3",
              "defaultValue": "",
              "required": "true",
              "helpTip": "Connection to be used"
            }
          },
          {
            "type": "attributeGroup",
            "value": {
              "groupName": "Basic",
              "elements": [
                {
                  "type": "attribute",
                  "value": {
                    "name": "bucketName",
                    "displayName": "Bucket Name",
                    "inputType": "stringOrExpression",
                    "defaultValue": "",
                    "required": "true",
                    "helpTip": "The name of the bucket."
                  }
                },
                {
                  "type": "attribute",
                  "value": {
                    "name": "mfa",
                    "displayName": "MFA",
                    "inputType": "stringOrExpression",
                    "defaultValue": "",
                    "required": "false",
                    "helpTip": "The concatenation of the authentication device's serial number, a space, and the value that is displayed on the authentication device."
                  }
                },
                {
                  "type": "attribute",
                  "value": {
                    "name": "status",
                    "displayName": "Status",
                    "inputType": "stringOrExpression",
                    "defaultValue": "",
                    "required": "false",
                    "helpTip": "Sets the versioning state of the bucket."
                  }
                },
                {
                  "type": "attribute",
                  "value": {
                    "name": "mfaDelete",
                    "displayName": "MFA Delete",
                    "inputType": "stringOrExpression",
                    "defaultValue": "",
                    "required": "false",
                    "helpTip": "Specifies whether MFA Delete is enabled in the bucket versioning configuration."
                  }
                }
              ]
            }
          }
        ]
      }
    }
  ]
}
