{
  "connectorName": "amazons3",
  "operationName": "putBucketACL",
  "title": "Put Bucket ACL",
  "help": "<h1>Put Bucket ACL</h1> <b>The putBucketACL operation uses the ACL sub-resource to set the permissions on an existing bucket using access control lists (ACL).</b><br><br><ul><li><a href=\"https://ei.docs.wso2.com/en/7.1.0/micro-integrator/references/connectors/amazons3-connector/amazons3-connector-reference/\"> More Help </a></li></ul>",
  "elements": [
    {
      "type": "attributeGroup",
      "value": {
        "groupName": "General",
        "elements": [
          {
            "type": "attribute",
            "value": {
              "name": "configRef",
              "displayName": "Amazon S3 Connection",
              "inputType": "connection",
              "allowedConnectionTypes": [
                "amazons3"
              ],
              "defaultType": "connection.amazons3",
              "defaultValue": "",
              "required": "true",
              "helpTip": "Connection to be used"
            }
          },
          {
            "type": "attributeGroup",
            "value": {
              "groupName": "Basic",
              "elements": [
                {
                  "type": "attribute",
                  "value": {
                    "name": "bucketName",
                    "displayName": "Bucket Name",
                    "inputType": "stringOrExpression",
                    "defaultValue": "",
                    "required": "true",
                    "helpTip": "The name of the bucket."
                  }
                },
                {
                  "type": "attribute",
                  "value": {
                    "name": "accessControlList",
                    "displayName": "Access Control List",
                    "inputType": "stringOrExpression",
                    "defaultValue": "",
                    "required": "true",
                    "helpTip": "Bucket ACL information."
                  }
                }
              ]
            }
          }
        ]
      }
    }
  ]
}
