{
  "connectorName": "amazons3",
  "operationName": "restoreObject",
  "title": "Restore Object",
  "help": "<h1>Restore Object</h1> <b>The restoreObject operation restores a temporary copy of an archived object.</b><br><br><ul><li><a href=\"https://ei.docs.wso2.com/en/7.1.0/micro-integrator/references/connectors/amazons3-connector/amazons3-connector-reference/\"> More Help </a></li></ul>",
  "elements": [
    {
      "type": "attributeGroup",
      "value": {
        "groupName": "General",
        "elements": [
          {
            "type": "attribute",
            "value": {
              "name": "configRef",
              "displayName": "Amazon S3 Connection",
              "inputType": "connection",
              "allowedConnectionTypes": [
                "amazons3"
              ],
              "defaultType": "connection.amazons3",
              "defaultValue": "",
              "required": "true",
              "helpTip": "Connection to be used"
            }
          },
          {
            "type": "attributeGroup",
            "value": {
              "groupName": "Basic",
              "elements": [
                {
                  "type": "attribute",
                  "value": {
                    "name": "bucketName",
                    "displayName": "Bucket Name",
                    "inputType": "stringOrExpression",
                    "defaultValue": "",
                    "required": "true",
                    "helpTip": "The name of the bucket."
                  }
                },
                {
                  "type": "attribute",
                  "value": {
                    "name": "objectKey",
                    "displayName": "Object Key",
                    "inputType": "stringOrExpression",
                    "defaultValue": "",
                    "required": "true",
                    "helpTip": "The name of the object."
                  }
                },
                {
                  "type": "attribute",
                  "value": {
                    "name": "restoreRequest",
                    "displayName": "Restore Request",
                    "inputType": "stringOrExpression",
                    "defaultValue": "",
                    "required": "true",
                    "helpTip": "Container for the RestoreRequest parameters (Days, Description, GlacierJobParameters, OutputLocation, SelectParameters, Tier and Type)."
                  }
                },
                {
                  "type": "attribute",
                  "value": {
                    "name": "versionId",
                    "displayName": "Version ID",
                    "inputType": "stringOrExpression",
                    "defaultValue": "",
                    "required": "false",
                    "helpTip": "Version ID of an object to restore a specific object version."
                  }
                },
                {
                  "type": "attribute",
                  "value": {
                    "name": "requestPayer",
                    "displayName": "Request Payer",
                    "inputType": "stringOrExpression",
                    "defaultValue": "",
                    "required": "false",
                    "helpTip": "Confirms that this requester knows that they will be charged for the request. Bucket owners need not specify this parameter in their requests."
                  }
                }
              ]
            }
          }
        ]
      }
    }
  ]
}
