{
  "connectorName": "amazons3",
  "operationName": "uploadPart",
  "title": "Upload Part",
  "help": "<h1>Upload Part</h1> <b>The uploadPart operation uploads a part in a multipart upload.</b><br><br><ul><li><a href=\"https://ei.docs.wso2.com/en/7.1.0/micro-integrator/references/connectors/amazons3-connector/amazons3-connector-reference/\"> More Help </a></li></ul>",
  "elements": [
    {
      "type": "attributeGroup",
      "value": {
        "groupName": "General",
        "elements": [
          {
            "type": "attribute",
            "value": {
              "name": "configRef",
              "displayName": "Amazon S3 Connection",
              "inputType": "connection",
              "allowedConnectionTypes": [
                "amazons3"
              ],
              "defaultType": "connection.amazons3",
              "defaultValue": "",
              "required": "true",
              "helpTip": "Connection to be used"
            }
          },
          {
            "type": "attributeGroup",
            "value": {
              "groupName": "Basic",
              "elements": [
                {
                  "type": "attribute",
                  "value": {
                    "name": "bucketName",
                    "displayName": "Bucket Name",
                    "inputType": "stringOrExpression",
                    "defaultValue": "",
                    "required": "true",
                    "helpTip": "The name of the bucket."
                  }
                },
                {
                  "type": "attribute",
                  "value": {
                    "name": "objectKey",
                    "displayName": "Object Key",
                    "inputType": "stringOrExpression",
                    "defaultValue": "",
                    "required": "true",
                    "helpTip": "The name of the object to retrieve details for."
                  }
                },
                {
                  "type": "attribute",
                  "value": {
                    "name": "contentMD5",
                    "displayName": "Content MD5",
                    "inputType": "stringOrExpression",
                    "defaultValue": "",
                    "required": "false",
                    "helpTip": "The base64-encoded 128-bit MD5 digest of the message according to RFC 1864."
                  }
                },
                {
                  "type": "attribute",
                  "value": {
                    "name": "uploadId",
                    "displayName": "Upload ID",
                    "inputType": "stringOrExpression",
                    "defaultValue": "",
                    "required": "true",
                    "helpTip": "This specifies the ID of the initiated multipart upload."
                  }
                },
                {
                  "type": "attribute",
                  "value": {
                    "name": "partNumber",
                    "displayName": "Part Number",
                    "inputType": "stringOrExpression",
                    "defaultValue": "",
                    "required": "true",
                    "helpTip": "This specifies the number or the index of the uploaded part."
                  }
                },
                {
                  "type": "attribute",
                  "value": {
                    "name": "fileContent",
                    "displayName": "File Content",
                    "inputType": "stringOrExpression",
                    "defaultValue": "",
                    "required": "false",
                    "helpTip": "The content of the file."
                  }
                },
                {
                  "type": "attribute",
                  "value": {
                    "name": "filePath",
                    "displayName": "File Path",
                    "inputType": "stringOrExpression",
                    "defaultValue": "",
                    "required": "false",
                    "helpTip": "Path of the file to be uploaded."
                  }
                }
              ]
            }
          }
        ]
      }
    }
  ]
}
